jigyosho_number,facility_name,corp_name,corp_number,corp_type,prefecture,service_name,accounting_type,doc_type,url,status,file
0177300050,芦別慈恵園訪問介護サービス,社会福祉法人芦別慈恵園,3430005007432,社会福祉法人,北海道,訪問介護,社会福祉法人会計基準,PL,https://www.kaigokensaku.mhlw.go.jp/upload/jigyosyofile/01/0177300050_00_110/IncomeStatementFile/kouhyou/1.pdf?1737951250,ok(83KB),社会福祉法人\0177300050_PL.pdf
0177300050,芦別慈恵園訪問介護サービス,社会福祉法人芦別慈恵園,3430005007432,社会福祉法人,北海道,訪問介護,社会福祉法人会計基準,CF,https://www.kaigokensaku.mhlw.go.jp/upload/jigyosyofile/01/0177300050_00_110/CashFlowFile/kouhyou/1.pdf?1737951250,ok(84KB),社会福祉法人\0177300050_CF.pdf
0177300050,芦別慈恵園訪問介護サービス,社会福祉法人芦別慈恵園,3430005007432,社会福祉法人,北海道,訪問介護,社会福祉法人会計基準,BS,https://www.kaigokensaku.mhlw.go.jp/upload/jigyosyofile/01/0177300050_00_110/BalanceSheetsFile/kouhyou/1.pdf?1737951250,ok(182KB),社会福祉法人\0177300050_BS.pdf
0174200170,社会福祉法人別海町社会福祉協議会　介護サポートセンターほほえみ,社会福祉法人　別海町社会福祉協議会,9462505000024,社会福祉法人,北海道,訪問介護,社会福祉法人会計基準,PL,https://www.kaigokensaku.mhlw.go.jp/upload/jigyosyofile/01/0174200170_00_110/CashFlowFile/kouhyou/1.pdf?1737947185,ok(125KB),社会福祉法人\0174200170_PL.pdf
0174200170,社会福祉法人別海町社会福祉協議会　介護サポートセンターほほえみ,社会福祉法人　別海町社会福祉協議会,9462505000024,社会福祉法人,北海道,訪問介護,社会福祉法人会計基準,CF,https://www.kaigokensaku.mhlw.go.jp/upload/jigyosyofile/01/0174200170_00_110/IncomeStatementFile/kouhyou/1.pdf?1737947184,ok(117KB),社会福祉法人\0174200170_CF.pdf
0174200170,社会福祉法人別海町社会福祉協議会　介護サポートセンターほほえみ,社会福祉法人　別海町社会福祉協議会,9462505000024,社会福祉法人,北海道,訪問介護,社会福祉法人会計基準,BS,https://www.kaigokensaku.mhlw.go.jp/upload/jigyosyofile/01/0174200170_00_110/BalanceSheetsFile/kouhyou/1.pdf?1737947185,ok(65KB),社会福祉法人\0174200170_BS.pdf
0270200355,城東ホームヘルプセンター,社会福祉法人桃仁会,3420005004397,社会福祉法人,青森県,訪問介護,,PL,https://www.kaigokensaku.mhlw.go.jp/upload/jigyosyofile/02/0270200355_00_110/IncomeStatementFile/kouhyou/1.pdf?1734409778,ok(1029KB),社会福祉法人\0270200355_PL.pdf
0270200355,城東ホームヘルプセンター,社会福祉法人桃仁会,3420005004397,社会福祉法人,青森県,訪問介護,,CF,https://www.kaigokensaku.mhlw.go.jp/upload/jigyosyofile/02/0270200355_00_110/CashFlowFile/kouhyou/1.pdf?1734409778,ok(1055KB),社会福祉法人\0270200355_CF.pdf
0270200355,城東ホームヘルプセンター,社会福祉法人桃仁会,3420005004397,社会福祉法人,青森県,訪問介護,,BS,https://www.kaigokensaku.mhlw.go.jp/upload/jigyosyofile/02/0270200355_00_110/BalanceSheetsFile/kouhyou/1.pdf?1734409778,ok(230KB),社会福祉法人\0270200355_BS.pdf
0372100685,松実会指定訪問介護事業所,社会福祉法人松実会,9400005000038,社会福祉法人,岩手県,訪問介護,社会福祉法人会計,PL,https://www.kaigokensaku.mhlw.go.jp/upload/jigyosyofile/03/0372100685_00_110/IncomeStatementFile/kouhyou/1.pdf?1743378722,ok(535KB),社会福祉法人\0372100685_PL.pdf
0372100685,松実会指定訪問介護事業所,社会福祉法人松実会,9400005000038,社会福祉法人,岩手県,訪問介護,社会福祉法人会計,CF,https://www.kaigokensaku.mhlw.go.jp/upload/jigyosyofile/03/0372100685_00_110/CashFlowFile/kouhyou/1.pdf?1743378722,ok(505KB),社会福祉法人\0372100685_CF.pdf
0372100685,松実会指定訪問介護事業所,社会福祉法人松実会,9400005000038,社会福祉法人,岩手県,訪問介護,社会福祉法人会計,BS,https://www.kaigokensaku.mhlw.go.jp/upload/jigyosyofile/03/0372100685_00_110/BalanceSheetsFile/kouhyou/1.pdf?1743378722,ok(260KB),社会福祉法人\0372100685_BS.pdf
0372600197,平泉町社会福祉協議会指定訪問介護事業所,社会福祉法人平泉町社会福祉協議会,4400505000095,社会福祉法人,岩手県,訪問介護,社会福祉法人会計基準,PL,https://www.kaigokensaku.mhlw.go.jp/upload/jigyosyofile/03/0372600197_00_110/IncomeStatementFile/kouhyou/1.pdf?1743378798,ok(370KB),社会福祉法人\0372600197_PL.pdf
0372600197,平泉町社会福祉協議会指定訪問介護事業所,社会福祉法人平泉町社会福祉協議会,4400505000095,社会福祉法人,岩手県,訪問介護,社会福祉法人会計基準,CF,https://www.kaigokensaku.mhlw.go.jp/upload/jigyosyofile/03/0372600197_00_110/CashFlowFile/kouhyou/1.pdf?1743378798,ok(387KB),社会福祉法人\0372600197_CF.pdf
0372600197,平泉町社会福祉協議会指定訪問介護事業所,社会福祉法人平泉町社会福祉協議会,4400505000095,社会福祉法人,岩手県,訪問介護,社会福祉法人会計基準,BS,https://www.kaigokensaku.mhlw.go.jp/upload/jigyosyofile/03/0372600197_00_110/BalanceSheetsFile/kouhyou/1.pdf?1743378798,ok(288KB),社会福祉法人\0372600197_BS.pdf
0370200891,ハートランド宮古ヘルパーステーション,医療法人おかだ外科内科クリニック,1400005004335,医療法人,岩手県,訪問介護,医療法人会計,PL,https://www.kaigokensaku.mhlw.go.jp/upload/jigyosyofile/03/0370200891_00_110/IncomeStatementFile/kouhyou/1.pdf?1748562503,ok(182KB),医療法人\0370200891_PL.pdf
0370200891,ハートランド宮古ヘルパーステーション,医療法人おかだ外科内科クリニック,1400005004335,医療法人,岩手県,訪問介護,医療法人会計,BS,https://www.kaigokensaku.mhlw.go.jp/upload/jigyosyofile/03/0370200891_00_110/BalanceSheetsFile/kouhyou/1.pdf?1748562503,ok(182KB),医療法人\0370200891_BS.pdf
0770300614,医療法人　慈慧会　ホームヘルパーステーション　あさか,医療法人　慈慧会　安積整形外科,7380005002798,医療法人,福島県,訪問介護,病院会計準則,PL,https://www.kaigokensaku.mhlw.go.jp/upload/jigyosyofile/07/0770300614_00_110/IncomeStatementFile/kouhyou/1.pdf?1742371661,ok(9KB),医療法人\0770300614_PL.pdf
0770300614,医療法人　慈慧会　ホームヘルパーステーション　あさか,医療法人　慈慧会　安積整形外科,7380005002798,医療法人,福島県,訪問介護,病院会計準則,BS,https://www.kaigokensaku.mhlw.go.jp/upload/jigyosyofile/07/0770300614_00_110/BalanceSheetsFile/kouhyou/1.pdf?1742371661,ok(8KB),医療法人\0770300614_BS.pdf
0870302973,ヘルパーステーションえがお,医療法人慈厚会,4050005003329,医療法人,茨城県,訪問介護,,PL,https://www.kaigokensaku.mhlw.go.jp/upload/jigyosyofile/08/0870302973_00_110/IncomeStatementFile/kouhyou/1.pdf?1752194032,ok(217KB),医療法人\0870302973_PL.pdf
0970501102,ヘルパーステーション　たけむらクローバー館,医療法人ヒポクラテス,6060005003689,医療法人,栃木県,訪問介護,医療法人会計基準,PL,https://www.kaigokensaku.mhlw.go.jp/upload/jigyosyofile/09/0970501102_00_110/IncomeStatementFile/kouhyou/1.pdf?1736901801,ok(119KB),医療法人\0970501102_PL.pdf
0970501102,ヘルパーステーション　たけむらクローバー館,医療法人ヒポクラテス,6060005003689,医療法人,栃木県,訪問介護,医療法人会計基準,BS,https://www.kaigokensaku.mhlw.go.jp/upload/jigyosyofile/09/0970501102_00_110/BalanceSheetsFile/kouhyou/1.pdf?1736901801,ok(119KB),医療法人\0970501102_BS.pdf
1070106297,訪問介護ステーション萬葉の杜,医療法人中沢会,7070005000759,医療法人,群馬県,訪問介護,医療法人会計基準,PL,https://www.kaigokensaku.mhlw.go.jp/upload/jigyosyofile/10/1070106297_00_110/IncomeStatementFile/kouhyou/1.pdf?1744609993,ok(207KB),医療法人\1070106297_PL.pdf
1070106297,訪問介護ステーション萬葉の杜,医療法人中沢会,7070005000759,医療法人,群馬県,訪問介護,医療法人会計基準,BS,https://www.kaigokensaku.mhlw.go.jp/upload/jigyosyofile/10/1070106297_00_110/BalanceSheetsFile/kouhyou/1.pdf?1744609994,ok(244KB),医療法人\1070106297_BS.pdf
0170105449,訪問介護事業所あさがお,株式会社きずな,5430001067503,株式会社・有限会社等,北海道,訪問介護,企業関係,PL,https://www.kaigokensaku.mhlw.go.jp/upload/jigyosyofile/01/0170105449_00_110/IncomeStatementFile/kouhyou/1.pdf?1738224245,ok(300KB),株式会社_有限会社等\0170105449_PL.pdf
0170105449,訪問介護事業所あさがお,株式会社きずな,5430001067503,株式会社・有限会社等,北海道,訪問介護,企業関係,BS,https://www.kaigokensaku.mhlw.go.jp/upload/jigyosyofile/01/0170105449_00_110/BalanceSheetsFile/kouhyou/1.pdf?1738224245,ok(279KB),株式会社_有限会社等\0170105449_BS.pdf
0170208441,ヘルパーステーションねがい,合同会社札幌ヒルズ,7430003002381,株式会社・有限会社等,北海道,訪問介護,財務会計,PL,https://www.kaigokensaku.mhlw.go.jp/upload/jigyosyofile/01/0170208441_00_110/IncomeStatementFile/kouhyou/1.pdf?1738224074,ok(166KB),株式会社_有限会社等\0170208441_PL.pdf
0170208441,ヘルパーステーションねがい,合同会社札幌ヒルズ,7430003002381,株式会社・有限会社等,北海道,訪問介護,財務会計,BS,https://www.kaigokensaku.mhlw.go.jp/upload/jigyosyofile/01/0170208441_00_110/BalanceSheetsFile/kouhyou/1.pdf?1738224074,ok(209KB),株式会社_有限会社等\0170208441_BS.pdf
0170209977,SOMPOケア　北大前　訪問介護,ＳＯＭＰＯケア株式会社,1260001015656,株式会社・有限会社等,北海道,訪問介護,,PL,https://www.kaigokensaku.mhlw.go.jp/upload/jigyosyofile/01/0170209977_00_110/IncomeStatementFile/kouhyou/1.pdf?1738224280,"NG(http=404, head=b'<!DOCTYP')",
0170209977,SOMPOケア　北大前　訪問介護,ＳＯＭＰＯケア株式会社,1260001015656,株式会社・有限会社等,北海道,訪問介護,,BS,https://www.kaigokensaku.mhlw.go.jp/upload/jigyosyofile/01/0170209977_00_110/BalanceSheetsFile/kouhyou/1.pdf?1738224280,"NG(http=404, head=b'<!DOCTYP')",
0170208243,ブラウン,株式会社マーファ,2430001041659,株式会社・有限会社等,北海道,訪問介護,企業会計,PL,https://www.kaigokensaku.mhlw.go.jp/upload/jigyosyofile/01/0170208243_00_110/IncomeStatementFile/kouhyou/1.pdf?1738224052,ok(455KB),株式会社_有限会社等\0170208243_PL.pdf
0170208243,ブラウン,株式会社マーファ,2430001041659,株式会社・有限会社等,北海道,訪問介護,企業会計,BS,https://www.kaigokensaku.mhlw.go.jp/upload/jigyosyofile/01/0170208243_00_110/BalanceSheetsFile/kouhyou/1.pdf?1738224052,ok(343KB),株式会社_有限会社等\0170208243_BS.pdf
0170509921,せいこうケアサービス,株式会社　西光,2430001012494,株式会社・有限会社等,北海道,訪問介護,,PL,https://www.kaigokensaku.mhlw.go.jp/upload/jigyosyofile/01/0170509921_00_110/IncomeStatementFile/kouhyou/1.pdf?1738223903,ok(219KB),株式会社_有限会社等\0170509921_PL.pdf
0170509921,せいこうケアサービス,株式会社　西光,2430001012494,株式会社・有限会社等,北海道,訪問介護,,BS,https://www.kaigokensaku.mhlw.go.jp/upload/jigyosyofile/01/0170509921_00_110/BalanceSheetsFile/kouhyou/1.pdf?1738223903,ok(274KB),株式会社_有限会社等\0170509921_BS.pdf
0475104204,ＮＰＯ仙台介護支援の会,特定非営利活動法人国際福祉ネットみやぎ・２１,4370005002653,NPO法人,宮城県,訪問介護,,PL,https://www.kaigokensaku.mhlw.go.jp/upload/jigyosyofile/04/0475104204_00_110/IncomeStatementFile/kouhyou/1.pdf?1743148133,ok(106KB),NPO法人\0475104204_PL.pdf
0770104156,ヘルパーステーション　エルタの風,特定非営利活動法人エルタ,3380005002224,NPO法人,福島県,訪問介護,NPO法人,PL,https://www.kaigokensaku.mhlw.go.jp/upload/jigyosyofile/07/0770104156_00_110/IncomeStatementFile/kouhyou/1.pdf?1739859477,ok(85KB),NPO法人\0770104156_PL.pdf
0770104156,ヘルパーステーション　エルタの風,特定非営利活動法人エルタ,3380005002224,NPO法人,福島県,訪問介護,NPO法人,BS,https://www.kaigokensaku.mhlw.go.jp/upload/jigyosyofile/07/0770104156_00_110/BalanceSheetsFile/kouhyou/1.pdf?1739859477,ok(69KB),NPO法人\0770104156_BS.pdf
0871500245,デイドリーム,特定非営利活動法人デイドリーム,3050005007264,NPO法人,茨城県,訪問介護,法人税法による会計基準,PL,https://www.kaigokensaku.mhlw.go.jp/upload/jigyosyofile/08/0871500245_00_110/IncomeStatementFile/kouhyou/1.pdf?1747813168,ok(227KB),NPO法人\0871500245_PL.pdf
0871500245,デイドリーム,特定非営利活動法人デイドリーム,3050005007264,NPO法人,茨城県,訪問介護,法人税法による会計基準,CF,https://www.kaigokensaku.mhlw.go.jp/upload/jigyosyofile/08/0871500245_00_110/CashFlowFile/kouhyou/1.pdf?1747813168,ok(297KB),NPO法人\0871500245_CF.pdf
0871500245,デイドリーム,特定非営利活動法人デイドリーム,3050005007264,NPO法人,茨城県,訪問介護,法人税法による会計基準,BS,https://www.kaigokensaku.mhlw.go.jp/upload/jigyosyofile/08/0871500245_00_110/BalanceSheetsFile/kouhyou/1.pdf?1747813168,ok(123KB),NPO法人\0871500245_BS.pdf
0872201090,特定非営利活動法人　はーとふる,特定非営利活動法人はーとふる,5050005013005,NPO法人,茨城県,訪問介護,財務会計,PL,https://www.kaigokensaku.mhlw.go.jp/upload/jigyosyofile/08/0872201090_00_110/IncomeStatementFile/kouhyou/1.pdf?1744600922,ok(61KB),NPO法人\0872201090_PL.pdf
0872201090,特定非営利活動法人　はーとふる,特定非営利活動法人はーとふる,5050005013005,NPO法人,茨城県,訪問介護,財務会計,BS,https://www.kaigokensaku.mhlw.go.jp/upload/jigyosyofile/08/0872201090_00_110/BalanceSheetsFile/kouhyou/1.pdf?1744600922,ok(61KB),NPO法人\0872201090_BS.pdf
1070102478,訪問介護かけはし,特定非営利活動法人　かけはし,9070005001210,NPO法人,群馬県,訪問介護,NPO法人会計基準,PL,https://www.kaigokensaku.mhlw.go.jp/upload/jigyosyofile/10/1070102478_00_110/IncomeStatementFile/kouhyou/1.pdf?1745802602,ok(624KB),NPO法人\1070102478_PL.pdf
1070102478,訪問介護かけはし,特定非営利活動法人　かけはし,9070005001210,NPO法人,群馬県,訪問介護,NPO法人会計基準,BS,https://www.kaigokensaku.mhlw.go.jp/upload/jigyosyofile/10/1070102478_00_110/BalanceSheetsFile/kouhyou/1.pdf?1745802602,ok(513KB),NPO法人\1070102478_BS.pdf
0770104396,ヘルパーステーションひだまり,福島医療生活協同組合,8380005000495,その他法人,福島県,訪問介護,生協会計基準,PL,https://www.kaigokensaku.mhlw.go.jp/upload/jigyosyofile/07/0770104396_00_110/IncomeStatementFile/kouhyou/1.pdf?1738650683,ok(62KB),その他法人\0770104396_PL.pdf
0770104396,ヘルパーステーションひだまり,福島医療生活協同組合,8380005000495,その他法人,福島県,訪問介護,生協会計基準,BS,https://www.kaigokensaku.mhlw.go.jp/upload/jigyosyofile/07/0770104396_00_110/BalanceSheetsFile/kouhyou/1.pdf?1738650683,ok(123KB),その他法人\0770104396_BS.pdf
0770701027,いきいきケアセンター,ふくしま共生センター,3380005010557,その他法人,福島県,訪問介護,NPO法人会計,PL,https://www.kaigokensaku.mhlw.go.jp/upload/jigyosyofile/07/0770701027_00_110/IncomeStatementFile/kouhyou/1.pdf?1738820377,ok(346KB),その他法人\0770701027_PL.pdf
0770701027,いきいきケアセンター,ふくしま共生センター,3380005010557,その他法人,福島県,訪問介護,NPO法人会計,BS,https://www.kaigokensaku.mhlw.go.jp/upload/jigyosyofile/07/0770701027_00_110/BalanceSheetsFile/kouhyou/1.pdf?1738820377,ok(197KB),その他法人\0770701027_BS.pdf
0870104635,訪問介護サービスセンター　アテンドハウス・ウエスト,北養会,5050005000531,その他法人,茨城県,訪問介護,事業活動計算書、資金収支計算書、貸借対照表,PL,https://www.kaigokensaku.mhlw.go.jp/upload/jigyosyofile/08/0870104635_00_110/IncomeStatementFile/kouhyou/1.pdf?1745463840,ok(103KB),その他法人\0870104635_PL.pdf
0870104635,訪問介護サービスセンター　アテンドハウス・ウエスト,北養会,5050005000531,その他法人,茨城県,訪問介護,事業活動計算書、資金収支計算書、貸借対照表,CF,https://www.kaigokensaku.mhlw.go.jp/upload/jigyosyofile/08/0870104635_00_110/CashFlowFile/kouhyou/1.pdf?1745463840,ok(73KB),その他法人\0870104635_CF.pdf
0870104635,訪問介護サービスセンター　アテンドハウス・ウエスト,北養会,5050005000531,その他法人,茨城県,訪問介護,事業活動計算書、資金収支計算書、貸借対照表,BS,https://www.kaigokensaku.mhlw.go.jp/upload/jigyosyofile/08/0870104635_00_110/BalanceSheetsFile/kouhyou/1.pdf?1745463840,ok(37KB),その他法人\0870104635_BS.pdf
0875200735,アンダンテ神栖訪問介護,(株)はーとケアサービス,8040001091060,その他法人,茨城県,訪問介護,,PL,https://www.kaigokensaku.mhlw.go.jp/upload/jigyosyofile/08/0875200735_00_110/IncomeStatementFile/kouhyou/1.pdf?1750319734,ok(32KB),その他法人\0875200735_PL.pdf
1070106503,ＪＡ前橋市訪問介護事業所,前橋市農業協同組合,7070005000924,その他法人,群馬県,訪問介護,農協会計基準,PL,https://www.kaigokensaku.mhlw.go.jp/upload/jigyosyofile/10/1070106503_00_110/IncomeStatementFile/kouhyou/1.pdf?1745802589,ok(138KB),その他法人\1070106503_PL.pdf
1070106503,ＪＡ前橋市訪問介護事業所,前橋市農業協同組合,7070005000924,その他法人,群馬県,訪問介護,農協会計基準,BS,https://www.kaigokensaku.mhlw.go.jp/upload/jigyosyofile/10/1070106503_00_110/BalanceSheetsFile/kouhyou/1.pdf?1745802589,ok(68KB),その他法人\1070106503_BS.pdf
